"source_type","authors","title","vehicle_name","language","production_type","auth_keywords","abstract","author_affil","affiliations","ref_count","citation_num","publisher","issn","publication_date","year","doi","subject_areas","id","period"
"C","({'name': 'Bo Jiang', 'id': 'E-2046-2013'}, {'name': 'Binoy Ravindran', 'id': 'C-6016-2017'}, {'name': 'Changsoo Kim', 'id': '6799471728191173989'})","Lightweight Live Migration for High Availability Cluster Service","12th International Symposium on Stabilization, Safety, and Security of Distributed Systems","English","Proceedings Paper","","High availability is a critical feature for service clusters and cloud computing, and is often considered more valuable than performance. One commonly used technique to enhance the availability is live migration, which replicates services based on virtualization technology. However, continuous live migration with checkpointing will introduce significant overhead. In this paper, we present a lightweight live migration (LLM) mechanism to integrate whole-system migration and input replay efforts, which aims at reducing the overhead while providing comparable availability. LLM migrates service requests from network clients at high frequency during the interval of checkpointing system updates. Once a failure happens to the primary machine, the backup machine will continue the service based on the virtual machine image and network inputs at their respective last migration rounds. We implemented LLM based on Xen and compared it with Remus-a state-of-the-art effort that enhances the availability by checkpointing system status updates. Our experimental evaluations show that LLM clearly outperforms Remus in terms of network delay and overhead. For certain types of applications, LLM may also be a better alternative in terms of downtime than Remus. In addition, LLM achieves transaction level consistency like Remus.","[Jiang, Bo; Ravindran, Binoy] Virginia Tech, ECE Dept, Blacksburg, VA 24061 USA; [Kim, Changsoo] Electronics & Telecommunications Research Institute, Daejeon, South Korea","({'id': '-7417583118199358712', 'affiliation': 'Electronics & Telecommunications Research Institute', 'country': 'South Korea'}, {'id': '1467035924664433380', 'affiliation': 'Virginia Polytechnic Institute & State University', 'country': 'USA'})","23","4","SPRINGER-VERLAG BERLIN","0302-9743;1611-3349","2010-01-01","2010","","('hardware & architecture', 'computer science', 'theory & methods')","WOS:000289123400034","2010-1"
"C","({'name': 'Peng Lu', 'id': '-3075385813018977049'}, {'name': 'Binoy Ravindran', 'id': 'C-6016-2017'}, {'name': 'Changsoo Kim', 'id': '6799471728191173989'})","Enhancing the Performance of High Availability Lightweight Live Migration","15th International Conference on Principles of Distributed Systems (OPODIS 2011)","English","Proceedings Paper","","Remus is one of the first systems which implemented whole virtual machine replication to achieve high availability (HA). Recently a fast, lightweight migration mechanism (LLM) was proposed to reduce the long network delay in Remus. However, these virtualized systems have the long downtime problem, which is a bottleneck to achieve HA. Based on LLM, in this paper, we describe a fine-grained block identification (or FGBI) mechanism to reduce the downtime in virtualized systems so as to achieve HA, with support for a block sharing mechanism and hybrid compression method. We implement the FGBI mechanism and evaluate it against LLM and Remus, using several benchmarks such as Apache, SPECweb, NPB and SPECsys. Our experimental results reveal that FGBI reduces the type I downtime over LLM and Remus by as much as 77% and 45% respectively, and reduces the type II downtime by more than 90% and more than 70%, compared with LLM and Remus respectively. Moreover, in all cases, the performance overhead of FGBI is less than 13%.","[Lu, Peng; Ravindran, Binoy] Virginia Tech, ECE Dept, Blacksburg, VA 24061 USA; [Kim, Changsoo] Electronics & Telecommunications Research Institute, Daejeon, South Korea","({'id': '-7417583118199358712', 'affiliation': 'Electronics & Telecommunications Research Institute', 'country': 'South Korea'}, {'id': '1467035924664433380', 'affiliation': 'Virginia Polytechnic Institute & State University', 'country': 'USA'})","22","3","SPRINGER-VERLAG BERLIN","0302-9743;1611-3349","2011-01-01","2011","","('theory & methods', 'computer science')","WOS:000304129900005","2011-1"
"J","({'name': 'Chongwei An', 'id': '3939365614541394020'}, {'name': 'Hequn Li', 'id': '1294703733023736608'}, {'name': 'Xiaoheng Geng', 'id': '-3639625294278213573'}, {'name': 'Junlong Li', 'id': '-8633593680410530911'}, {'name': 'Jingyu Wang', 'id': '6378119161732057578'})","Preparation and Properties of 2,6-Diamino-3,5-dinitropyrazine-1-oxide based Nanocomposites","PROPELLANTS EXPLOSIVES PYROTECHNICS","English","Article","('thermal analysis', 'nanocomposites', 'spray drying', 'thermal-decomposition', 'impact sensitivity', 'size', 'reduced sensitivity', '2,6-diamino-3,5-dinitropyrazine-1-oxide', 'llm-105', 'rdx')","With estane as binder, a new nanocomposite energetic material based on 2,6-diamino-3,5-dinitropyrazine-1-oxide (LLM-105) was successfully prepared by the spray drying method. Scanning Electron Microscope (SEM), Transmission Electron Microscope (TEM), and X-ray diffraction (XRD) was employed to characterize the nanocomposite samples. The impact sensitivity and thermal decomposition properties of the nanocomposites were also measured and analyzed. The results show that the nanocomposite particles are spherical in shape and range from 1m to 10m in size. The composite is aggregated of many tiny granules with nucleus/shell structure, in which the shell thickness and crystal size of LLM-105 are about 20nm and 50100nm. The crystal type of LLM-105 in the nanocomposite is similar to that of raw LLM-105, however, the diffraction peaks become weaker and wider mainly due to decreasing of particle size. The nanocomposite has lower impact sensitivity and better thermal stability.","[An, Chongwei; Li, Hequn; Li, Junlong; Wang, Jingyu] North Univ China, Chem Ind & Ecol Inst, Taiyuan 030051, Shanxi, Peoples R China; [Geng, Xiaoheng] Shandong University of Aeronautics, Urban & Environm Sci Dept, Binzhou 256600, Shandong, Peoples R China","({'id': '5679664180087542069', 'affiliation': 'Shandong University Of Aeronautics', 'country': 'China'}, {'id': '7640368657654445897', 'affiliation': 'North University Of China', 'country': 'China'})","21","35","WILEY-V C H VERLAG GMBH","0721-3115;1521-4087","2013-04-01","2013","10.1002/prep.201200164","('engineering', 'applied chemistry', 'chemistry', 'chemical engineering')","WOS:000317674100003","2013-4"
"J","({'name': 'Manuel John', 'id': '1274377753400888376'}, {'name': 'M. Raman', 'id': 'GPP-6589-2022'}, {'name': 'Keith Ryan', 'id': '-6602990227420160752'})","A tiny tick can cause a big health problem","INDIAN JOURNAL OF OPHTHALMOLOGY","English","Article","('tick', 'amblyomma', 'infectious-diseases', 'ixodidae', 'lyme borreliosis', 'zoonosis', 'lyme disease', 'ocular manifestations')","Ticks are tiny crawling bugs in the spider family that feed by sucking blood from animals. They are second only to mosquitoes as vectors of human disease, both infectious and toxic. Infected ticks spread over a hundred diseases, some of which are fatal if undetected. They spread the spirochete (which multiplies in the insect's gut) with a subsequent bite to the next host. We describe the only reported cases of peri ocular tick bite from India that presented to us within a span of 3 days and its management. Due suspicion and magnification of the lesions revealed the ticks which otherwise masqueraded as small skin tags/moles on gross examination. The ticks were firmly latched on to the skin and careful removal prevented incarceration of the mouth parts. Rickettsial diseases that were believed to have disappeared from India are reemerging and their presence has recently been documented in at least 11 states in the country. Among vector borne diseases, the most common, Lyme disease, also known as the great mimicker, can present with rheumatoid arthritis, fibromyalgia, depression, attention deficit hyperactivity disorder, multiple sclerosis, chronic fatigue syndrome, cardiac manifestations, encephalitis, and mental illness, to name some of the many associations. Common ocular symptoms and signs include conjunctivitis, keratitis, uveitis, and retinitis. Early detection and treatment of tick borne diseases is important to prevent multi system complications that can develop later in life.","[John, Manuel] Al Azhar Med Coll, Ophthalmol, Thodupuzha, Kerala, India; [John, Manuel] MGDM Hosp, Kangazha, Kerala, India; [John, Manuel] LLM Hosp, Kottayam, Kerala, India; [Raman, M.] Tamil Nadu Vet & Anim Sci Univ TANUVAS, Madras Vet Coll, Parasitol, Madras, Tamil Nadu, India; [Ryan, Keith] Plymouth Univ, Electron Microscopy Ctr, Plymouth, Devon, England","({'id': '3620466163415451406', 'affiliation': 'Tamil Nadu Veterinary & Animal Sciences University', 'country': 'India'}, {'id': '-4322657732716549126', 'affiliation': 'University Of Plymouth', 'country': 'England'}, {'id': '8179156460678048764', 'affiliation': 'Al Azhar Med Coll', 'country': 'India'}, {'id': '-7039148810205064532', 'affiliation': 'Mgdm Hosp', 'country': 'India'}, {'id': '-6610930916179491073', 'affiliation': 'Llm Hosp', 'country': 'India'})","16","9","WOLTERS KLUWER MEDKNOW PUBLICATIONS","0301-4738;1998-3689","2017-11-01","2017","10.4103/ijo.IJO_411_17","('ophthalmology',)","WOS:000415246000037","2017-11"
"J","({'name': 'Nico Helfesrieder', 'id': '0000-0002-8209-8181'}, {'name': 'Michael Neubauer', 'id': '0000-0002-6336-6283'}, {'name': 'Armin Lechler', 'id': '388576822493759160'}, {'name': 'Alexander Verl', 'id': '0000-0002-2548-6620'})","Hybrid manufacturing of topology optimized machine tool parts through a layer laminated manufacturing method Practical validation using the example of a bearing block","PRODUCTION ENGINEERING-RESEARCH AND DEVELOPMENT","English","Article","('design', 'strategies', 'hybrid manufacturing', 'layer laminated manufacturing', 'experimental validation', 'topology optimization')","Load-oriented lightweight structures are commonly designed based on topology optimization. For machine tool parts, they enable the reduction of moving masses and therefore increase the resource and energy efficiency of production systems. However, this usually results in complex part structures that are difficult or impossible to produce using conventional manufacturing methods. In this paper, a hybrid layer laminated manufacturing (LLM) method is proposed enabling manufacturing of topology-optimized machine tool parts. The method is referred to as hybrid, as the subtractive structuring of metal sheets is combined with the additive joining of the sheets by adhesive bonding. This enables enclosed inner cavities without support structures, which are used to approximate the optimal density distribution from a topology optimization via manufacturing. The proposed LLM method is validated on the basis of a bearing block of a ball screw feed drive. A experimental study in the time and frequency domain on a test rig confirms the principle suitability of the LLM method for the production of industrial applicable lightweight components.","[Helfesrieder, Nico; Neubauer, Michael; Lechler, Armin; Verl, Alexander] Univ Stuttgart, Inst Control Engn Machine Tools & Mfg Units ISW, Seidenstr 36, D-70174 Stuttgart, Germany","({'id': '2994833358206704049', 'affiliation': 'University Of Stuttgart', 'country': 'Germany'},)","27","0","SPRINGER HEIDELBERG","0944-6524;1863-7353","2022-08-01","2022","10.1007/s11740-021-01095-7","('manufacturing engineering', 'engineering')","WOS:000729646800001","2022-8"
"J","({'name': 'Wencai Xu', 'id': '-5764735461961216879'}, {'name': 'Jie Hu', 'id': '-6535641650412191645'}, {'name': 'Ruinan Chen', 'id': 'HII-9765-2022'}, {'name': 'Yongpeng An', 'id': '-4099228953905734368'}, {'name': 'Zongquan Xiong', 'id': '7000376068127183543'}, {'name': 'Han Liu', 'id': '4498758078617084935'})","Keypoint-Aware Single-Stage 3D Object Detector for Autonomous Driving","SENSORS","English","Article","('network', 'feature reuse strategy', '3d single stage object detector', 'location attention module', 'point', 'keypoint-aware module', 'traffic light')","Current single-stage 3D object detectors often use predefined single points of feature maps to generate confidence scores. However, the point feature not only lacks the boundaries and inner features but also does not establish an explicit association between regression box and confidence scores. In this paper, we present a novel single-stage object detector called keypoint-aware single-stage 3D object detector (KASSD). First, we design a lightweight location attention module (LLM), including feature reuse strategy (FRS) and location attention module (LAM). The FRS can facilitate the flow of spatial information. By considering the location, the LAM adopts weighted feature fusion to obtain efficient multi-level feature representation. To alleviate the inconsistencies mentioned above, we introduce a keypoint-aware module (KAM). The KAM can model spatial relationships and learn rich semantic information by representing the predicted object as a set of keypoints. We conduct experiments on the KITTI dataset. The experimental results show that our method has a competitive performance with 79.74% AP on a moderate difficulty level while maintaining 21.8 FPS inference speed.","[Xu, Wencai; Hu, Jie; Chen, Ruinan; An, Yongpeng; Xiong, Zongquan; Liu, Han] Wuhan Univ Technol, Key Lab Adv Technol Automot Components, Wuhan 430070, Peoples R China","({'id': '-1951893447745210034', 'affiliation': 'Wuhan University Of Technology', 'country': 'China'},)","46","3","MDPI","1424-8220","2022-02-01","2022","10.3390/s22041451","('analytical chemistry', 'engineering', 'instruments & instrumentation', 'chemistry', 'electrical & electronic engineering')","WOS:000765177200001","2022-2"
"C","({'name': 'Bryan Wang', 'id': '0000-0001-9016-038X'}, {'name': 'Gang Li', 'id': '7126305948049447627'}, {'name': 'Yang Li', 'id': '-9186216461943055222'})","Enabling Conversational Interaction with Mobile UI using Large Language Models","CHI conference on Human Factors in Computing Systems (CHI)","English","Proceedings Paper","('large language models', 'conversational interaction', 'mobile ui')","Conversational agents show the promise to allow users to interact with mobile devices using language. However, to perform diverse UI tasks with natural language, developers typically need to create separate datasets and models for each specifc task, which is expensive and effort-consuming. Recently, pre-trained large language models (LLMs) have been shown capable of generalizing to various downstream tasks when prompted with a handful of examples from the target task. This paper investigates the feasibility of enabling versatile conversational interactions with mobile UIs using a single LLM. We designed prompting techniques to adapt an LLM to mobile UIs. We experimented with four important modeling tasks that address various scenarios in conversational interaction. Our method achieved competitive performance on these challenging tasks without requiring dedicated datasets and training, offering a lightweight and generalizable approach to enable language-based mobile interaction.","[Wang, Bryan] Univ Toronto, Toronto, ON M5S 1A1, Canada; [Wang, Bryan; Li, Gang; Li, Yang] Google Res, Mt View, ON, Canada","({'id': '7312677341442011580', 'affiliation': 'University Of Toronto', 'country': 'Canada'}, {'id': '-7467716873516117312', 'affiliation': 'Google Res', 'country': 'Canada'})","58","6","ASSOC COMPUTING MACHINERY","","2023-01-01","2023","10.1145/3544548.3580895","('robotics', 'theory & methods', 'computer science', 'information systems')","WOS:001037809503051","2023-1"
"J","({'name': 'Jiajun Qing', 'id': '3850803708276419405'}, {'name': 'Xiaoling Deng', 'id': '310472256061847972'}, {'name': 'Yubin Lan', 'id': '4497943721306122633'}, {'name': 'Zhikai Li', 'id': '-759367140946678058'})","GPT-aided diagnosis on agricultural image based on a new light YOLOPC","COMPUTERS AND ELECTRONICS IN AGRICULTURE","English","Article","('citrus pests and diseases', 'large language models', 'lightweight')","Large Language Models (LLM) have been extensively studied for their ability to engage in textual dialogue and have shown promising results in various fields. However, the agricultural industry has yet to fully integrate LLM into its practice due to the dominance of visual images in agricultural data that cannot be effectively processed by LLM designed for text. Additionally, traditional image classification networks have limitations in understanding crop etiology and disease, hindering accurate diagnosis. Furthermore, the mixture of diseases can also interfere with the network's prediction. Therefore, accurately analyzing pests and diseases in agricultural scenarios and providing diagnostic reports remains a challenge. To address this issue, a novel approach that combines the deep logical reasoning capabilities of GPT-4 with the visual understanding capabilities of the YOLO (You Only Look Once) network was proposed in this study. Additionally, a new lightweight variant of YOLO, called YOLOPC, and a novel image-to-text mapping method for adapting YOLO and GPT were introduced. The experimental results demonstrate that YOLOPC, with approximately 75% fewer parameters than YOLOv5-nano, achieves a 94.5% accuracy rate. The GPT induction and reasoning module demonstrates 90% reasoning accuracy in generating agricultural diagnostic reports with text assistance. In the future, it is likely that a higher-performance GPT model will be released. The combination of GPT with agricultural scenarios will become the cornerstone of large-scale agricultural diagnostic models. The proposed method will benefit the development of large-scale models in the agricultural field.","[Deng, Xiaoling] South China Agr Univ, Coll Elect Engn, Coll Artificial Intelligence, Guangzhou 510642, Peoples R China; Natl Ctr Int Collaborat Res Precis Agr Aviat Pesti, Guangzhou 510642, Peoples R China; Guangdong Engn Technol Res Ctr Smart Agr, Guangzhou 510642, Peoples R China","({'id': '6500270866524152425', 'affiliation': 'South China Agricultural University', 'country': 'China'}, {'id': '2992022030585579951', 'affiliation': 'Guangdong Engn Technol Res Ctr Smart Agr', 'country': 'China'}, {'id': '-4221250177641988498', 'affiliation': 'Natl Ctr Int Collaborat Res Precis Agr Aviat Pesti', 'country': 'China'})","25","1","ELSEVIER SCI LTD","0168-1699;1872-7107","2023-10-01","2023","10.1016/j.compag.2023.108168","('multidisciplinary agriculture', 'agriculture', 'computer science', 'interdisciplinary applications')","WOS:001097418300001","2023-10"
"J","({'name': 'Hamza Kheddar', 'id': 'D-7154-2017'}, {'name': 'Yassine Himeur', 'id': 'AAK-7814-2021'}, {'name': 'Somaya Al-Maadeed', 'id': '-7484514931662292922'}, {'name': 'Abbes Amira', 'id': '-164869433028810882'}, {'name': 'Faycal Bensaali', 'id': '-8703246039983283996'})","Deep transfer learning for automatic speech recognition: Towards better generalization","KNOWLEDGE-BASED SYSTEMS","English","Article","('classification', 'models', 'automatic speech recognition', 'neural-network', 'multitask', 'deep transfer learning', 'fine-tuning', 'text', 'models fusion', 'large language model', 'semantic knowledge. acoustic model (am) processing includes', 'joint', 'attacks', 'domain adaptation', 'lightweight', 'search')","Automatic speech recognition (ASR) has recently become an important challenge when using deep learning (DL). It requires large-scale training datasets and high computational and storage resources. Moreover, DL techniques and machine learning (ML) approaches in general, hypothesize that training and testing data come from the same domain, with the same input feature space and data distribution characteristics. This assumption, however, is not applicable in some real-world artificial intelligence (AI) applications. Moreover, there are situations where gathering real data is challenging, expensive, or rarely occurring, which cannot meet the data requirements of DL models. deep transfer learning (DTL) has been introduced to overcome these issues, which helps develop high-performing models using real datasets that are small or slightly different but related to the training data. This paper presents a comprehensive survey of DTL-based ASR frameworks to shed light on the latest developments and helps academics and professionals understand current challenges. Specifically, after presenting the DTL background, a well-designed taxonomy is adopted to inform the state-of-the-art. A critical analysis is then conducted to identify the limitations and advantages of each framework. Moving on, a comparative study is introduced to highlight the current challenges before deriving opportunities for future research.(c) 2023 Elsevier B.V. All rights reserved.","[Kheddar, Hamza] Univ Medea, Elect Engn Dept, LSEA Lab, Medea, Algeria; [Himeur, Yassine] Univ Dubai, Coll Engn & Informat Technol, Dubai, U Arab Emirates; [Himeur, Yassine; Al-Maadeed, Somaya] Qatar Univ, Comp Sci & Engn, Doha, Qatar; [Amira, Abbes] Univ Sharjah, Dept Comp Sci, Sharjah, U Arab Emirates; [Amira, Abbes] De Montfort Univ, Inst Artificial Intelligence, Leicester, England; [Bensaali, Faycal] Qatar Univ, Dept Elect Engn, Doha, Qatar","({'id': '-3624900698833866030', 'affiliation': 'University Of Dubai', 'country': 'U Arab Emirates'}, {'id': '1151552621521269221', 'affiliation': 'Universite Yahia Fares Medea', 'country': 'Algeria'}, {'id': '-4840009335805836623', 'affiliation': 'De Montfort University', 'country': 'England'}, {'id': '4889605021200809278', 'affiliation': 'University Of Sharjah', 'country': 'U Arab Emirates'}, {'id': '-5743123413539389301', 'affiliation': 'Qatar University', 'country': 'Qatar'})","263","12","ELSEVIER","0950-7051;1872-7409","2023-10-09","2023","10.1016/j.knosys.2023.110851","('computer science', 'artificial intelligence')","WOS:001113618700001","2023-10"
"J","({'name': 'Lukas Friederici', 'id': '7166781758492499494'}, {'name': 'Arne Koch', 'id': '-4082669074791598009'}, {'name': 'Patrick Martens', 'id': '4401340033437899643'}, {'name': 'Jana Pantzke', 'id': '-8705519764247409492'}, {'name': 'Sebastiano Di Bucchianico', 'id': 'AHI-8150-2022'}, {'name': 'Thorsten Streibel', 'id': '-7446346842145035637'}, {'name': 'Christopher P. Rueger', 'id': '787974295583998167'}, {'name': 'Ralf Zimmermann', 'id': '6538774044163188120'})","Recycling of fiber reinforced composites: Online mass spectrometric tracing, offline physicochemical speciation and toxicological evaluation of a pilot plant pyrolytic conversion","WASTE MANAGEMENT","English","Article","('carbon/glass-fiber reinforced composites', 'mass spectrometry', 'thermal analysis', 'energy recovery', 'waste', 'evolved gas analysis', 'single-photon ionization', 'technologies', 'pyrolysis', 'thermal-analysis', 'polymers', 'in vitro toxicity', 'evolved gas-analysis', 'degradation', 'epoxy-resin', 'enhanced multiphoton ionization')","The increasing demand for lightweight materials with exceptional stability and durability has resulted in a significant rise in fiber-reinforced plastic (FRP) production. These materials find applications in various fields. However, the exceptional properties and diverse compositional range of FRPs pose challenges to conventional recycling strategies. Pyrolysis has emerged as a highly promising approach for separating the fibers from the polymer matrix. In this study, we employed thermal analysis coupled with high-resolution mass spectrometry to investigate the pyrolysis process. Representative FRP showed a starting decomposition temperature of 300 C and bisphenol A, styrene, alkenes, and phenols could be identified. The identified parameters were used to operate a pilot plant with a capacity of up to 50 kg/h FRP, and reactor products were directly analyzed with soft photoionization mass spectrometry. The findings demonstrated good agreement between the pilot plant results and laboratory experiments, particularly for smaller compounds (m/z<2 0 0). The non-condensable fraction showed a range of 17 to 22 MJ/m(3) as lower heating value. Analysis of the recovered fibers (diameter between 6.20 and 8.05 mu m) revealed residual coke, but no toxic fibers were detected, according to the World Health Organization's definition. Yet, the organic coating of the fibers contained small amounts of potentially harmful PAHs. A toxicological assessment using a multicellular in vitro model confirmed the low hazardous potential of the recovered fibers. The findings contribute to developing sustainable and environmentally friendly recycling strategies for FRP while addressing important aspects related to the safety and toxicological implications of the resulting chemicals and fibers.","[Friederici, Lukas; Koch, Arne; Martens, Patrick; Pantzke, Jana; Di Bucchianico, Sebastiano; Streibel, Thorsten; Rueger, Christopher P.; Zimmermann, Ralf] Univ Rostock, Chair Analyt Chem, Joint Mass Spectrometry Ctr, D-18059 Rostock, Germany; [Friederici, Lukas; Di Bucchianico, Sebastiano; Rueger, Christopher P.; Zimmermann, Ralf] Univ Rostock, Dept Life Light & Matter LLM, D-18059 Rostock, Germany; [Pantzke, Jana; Di Bucchianico, Sebastiano; Streibel, Thorsten; Zimmermann, Ralf] Helmholtz Association, Cooperat Grp Comprehens Mol Analyt CMA, Joint Mass Spectrometry Ctr, D-85764 Neuherberg, Germany","({'id': '7199387045434911458', 'affiliation': 'Helmholtz Association', 'country': 'Germany'}, {'id': '32816283256612759', 'affiliation': 'University Of Rostock', 'country': 'Germany'})","75","0","PERGAMON-ELSEVIER SCIENCE LTD","0956-053X;1879-2456","2024-01-01","2024","10.1016/j.wasman.2023.11.002","('environmental engineering', 'environmental sciences & ecology', 'environmental sciences', 'engineering')","WOS:001115816700001","2024-1"
"C","({'name': 'Zhichao Xu', 'id': 'V-2231-2017'}, {'name': 'Daniel Cohen', 'id': '7622638469348061419'})","A Lightweight Constrained Generation Alternative for Query-focused Summarization","46th International ACM SIGIR Conference on Research and Development in Information Retrieval (SIGIR)","English","Proceedings Paper","('constrained generation', 'query-focused summarization')","Query-focused summarization (QFS) aims to provide a summary of a document that satisfies information need of a given query and is useful in various IR applications, such as abstractive snippet generation. Current QFS approaches typically involve injecting additional information, e.g. query-answer relevance or fine-grained token-level interaction between a query and document, into a finetuned large language model. However, these approaches often require extra parameters & training, and generalize poorly to new dataset distributions. To mitigate this, we propose leveraging a recently developed constrained generation model Neurological Decoding (NLD) as an alternative to current QFS regimes which rely on additional sub-architectures and training. We first construct lexical constraints by identifying important tokens from the document using a lightweight gradient attribution model, then subsequently force the generated summary to satisfy these constraints by directly manipulating the final vocabulary likelihood. This lightweight approach requires no additional parameters or finetuning as it utilizes both an off-the-shelf neural retrieval model to construct the constraints and a standard generative language model to produce the QFS. We demonstrate the efficacy of this approach on two public QFS collections achieving near parity with the state-of-the-art model with substantially reduced complexity.","[Xu, Zhichao] Univ Utah, Salt Lake City, UT 84112 USA; [Cohen, Daniel] Dataminr Inc, Nyc, NY USA","({'id': '8031492056520389162', 'affiliation': 'University Of Utah', 'country': 'USA'}, {'id': '63126814640623291', 'affiliation': 'Dataminr Inc', 'country': 'USA'})","36","0","ASSOC COMPUTING MACHINERY","","2023-01-01","2023","10.1145/3539618.3591936","('theory & methods', 'computer science', 'information systems')","WOS:001118084001078","2023-1"
"J","({'name': 'I. de Zarza', 'id': '0000-0002-5844-7871'}, {'name': 'J. de Curto', 'id': '0000-0002-8334-4719'}, {'name': 'Gemma Roig', 'id': '0000-0002-6439-8076'}, {'name': 'Carlos T. Calafate', 'id': '-7572713320256722036'})","LLM Multimodal Traffic Accident Forecasting","SENSORS","English","Article","('time series analysis', 'vlm', 'pca loadings', 'transformers', 'llava', 'llm', 'accident forecasting')","With the rise in traffic congestion in urban centers, predicting accidents has become paramount for city planning and public safety. This work comprehensively studied the efficacy of modern deep learning (DL) methods in forecasting traffic accidents and enhancing Level-4 and Level-5 (L-4 and L-5) driving assistants with actionable visual and language cues. Using a rich dataset detailing accident occurrences, we juxtaposed the Transformer model against traditional time series models like ARIMA and the more recent Prophet model. Additionally, through detailed analysis, we delved deep into feature importance using principal component analysis (PCA) loadings, uncovering key factors contributing to accidents. We introduce the idea of using real-time interventions with large language models (LLMs) in autonomous driving with the use of lightweight compact LLMs like LLaMA-2 and Zephyr-7b-alpha. Our exploration extends to the realm of multimodality, through the use of Large Language-and-Vision Assistant (LLaVA)-a bridge between visual and linguistic cues by means of a Visual Language Model (VLM)-in conjunction with deep probabilistic reasoning, enhancing the real-time responsiveness of autonomous driving systems. In this study, we elucidate the advantages of employing large multimodal models within DL and deep probabilistic programming for enhancing the performance and usability of time series forecasting and feature weight importance, particularly in a self-driving scenario. This work paves the way for safer, smarter cities, underpinned by data-driven decision making.","[de Zarza, I.; de Curto, J.; Roig, Gemma] GOETHE Univ Frankfurt Main, Informat & Math, D-60323 Frankfurt, Germany; [de Zarza, I.; de Curto, J.; Calafate, Carlos T.] Univ Politecn Valencia, Dept Informat Sistemas & Comp, Valencia 46022, Spain; [de Zarza, I.; de Curto, J.] Univ Oberta Catalunya, Estudis Informat Multimedia & Telecomunicac, Barcelona 08018, Spain; [Roig, Gemma] HESSIAN Ctr AI Hessian AI, D-64289 Darmstadt, Germany","({'id': '6998245270576621734', 'affiliation': 'Uoc Universitat Oberta De Catalunya', 'country': 'Spain'}, {'id': '5595140614707047533', 'affiliation': 'Universitat Politecnica De Valencia', 'country': 'Spain'}, {'id': '-8070206143696215168', 'affiliation': 'Goethe University Frankfurt', 'country': 'Germany'}, {'id': '2723848733063650714', 'affiliation': 'Hessian Ctr Ai Hessian Ai', 'country': 'Germany'})","41","6","MDPI","1424-8220","2023-11-01","2023","10.3390/s23229225","('analytical chemistry', 'engineering', 'instruments & instrumentation', 'chemistry', 'electrical & electronic engineering')","WOS:001119927100001","2023-11"
"J","({'name': 'Yun-Cheng Wang', 'id': '2080027751091825058'}, {'name': 'Jintang Xue', 'id': '4415258055398018105'}, {'name': 'Chengwei Wei', 'id': '-7454479212294924825'}, {'name': 'C. -C. Jay Kuo', 'id': '-8893670317896003468'})","An Overview on Generative AI at Scale With Edgeâ€“Cloud Computing","IEEE OPEN JOURNAL OF THE COMMUNICATIONS SOCIETY","English","Article","('ai-generated content', 'network', 'distributed system', 'chatbots', 'computational modeling', 'lightweight models', 'biological system modeling', 'training', 'edge', 'cloud', 'metaverse', 'artificial intelligence', 'artificial intelligence of things', 'servers', 'edge-cloud computing', 'fog', 'cloud computing')","As a specific category of artificial intelligence (AI), generative artificial intelligence (GenAI) generates new content that resembles what humans create. The rapid development of GenAI systems has created a huge amount of new data on the Internet, posing new challenges to current computing and communication frameworks. Currently, GenAI services rely on the traditional cloud computing framework due to the need for large computation resources. However, such services will encounter high latency because of data transmission and a high volume of user requests. On the other hand, edge-cloud computing can provide adequate computation power and low latency at the same time through the collaboration between edges and the cloud. Thus, it is attractive to build GenAI systems at scale by leveraging the edge-cloud computing paradigm. In this overview paper, we review recent developments in GenAI and edge-cloud computing, respectively. Then, we use two exemplary GenAI applications to discuss technical challenges in scaling up their solutions using edge-cloud collaborative systems. Finally, we list design considerations for training and deploying GenAI systems at scale and point out future research directions.","[Wang, Yun-Cheng; Xue, Jintang; Wei, Chengwei; Kuo, C. -C. Jay] Univ Southern Calif, Dept Elect & Comp Engn, Los Angeles, CA 90089 USA","({'id': '4798238007798967680', 'affiliation': 'University Of Southern California', 'country': 'USA'},)","150","2","IEEE-INST ELECTRICAL ELECTRONICS ENGINEERS INC","2644-125X","2023-01-01","2023","10.1109/OJCOMS.2023.3320646","('electrical & electronic engineering', 'engineering', 'telecommunications')","WOS:001121792100004","2023-1"
"C","({'name': 'Yinheng Li', 'id': '0000-0002-7740-2484'}, {'name': 'Shaofei Wang', 'id': '-3266188699486545146'}, {'name': 'Han Ding', 'id': '-4661212482328951091'}, {'name': 'Hang Chen', 'id': '748699010846454293'})","Large Language Models in Finance: A Survey","4th ACM International Conference on AI in Finance (ICAIF)","English","Proceedings Paper","('generative ai', 'large language models', 'natural language processing', 'finance')","Recent advances in large language models (LLMs) have opened new possibilities for artificial intelligence applications in finance. In this paper, we provide a practical survey focused on two key aspects of utilizing LLMs for financial tasks: existing solutions and guidance for adoption. First, we review current approaches employing LLMs in finance, including leveraging pretrained models via zero-shot or few-shot learning, fine-tuning on domain-specific data, and training custom LLMs from scratch. We summarize key models and evaluate their performance improvements on financial natural language processing tasks. Second, we propose a decision framework to guide financial professionals in selecting the appropriate LLM solution based on their use case constraints around data, compute, and performance needs. The framework provides a pathway from lightweight experimentation to heavy investment in customized LLMs. Lastly, we discuss limitations and challenges around leveraging LLMs in financial applications. Overall, this survey aims to synthesize the state-of-the-art and provide a roadmap for responsibly applying LLMs to advance financial AI.","[Li, Yinheng; Wang, Shaofei; Ding, Han] Columbia Univ, New York, NY 10025 USA; [Chen, Hang] New York University, New York, NY USA","({'id': '-7250953017836683951', 'affiliation': 'Columbia University', 'country': 'USA'}, {'id': '-7159054465049313699', 'affiliation': 'New York University', 'country': 'USA'})","67","1","ASSOC COMPUTING MACHINERY","","2023-01-01","2023","10.1145/3604237.3626869","('finance business', 'business & economics', 'computer science', 'artificial intelligence', 'interdisciplinary applications')","WOS:001124982700044","2023-1"
"J","({'name': 'Congyu Liao', 'id': '-7776872002550432370'}, {'name': 'Xiaozhi Cao', 'id': '3756782722335058088'}, {'name': 'Siddharth Srinivasan Iyer', 'id': '167226916437885237'}, {'name': 'Sophie Schauman', 'id': '-3331341654991563986'}, {'name': 'Zihan Zhou', 'id': '-6095865825990823239'}, {'name': 'Xiaoqian Yan', 'id': '1452375849763704454'}, {'name': 'Quan Chen', 'id': '-1106157604226993899'}, {'name': 'Zhitao Li', 'id': 'AAM-2867-2021'}, {'name': 'Nan Wang', 'id': '8623405367045112872'}, {'name': 'Ting Gong', 'id': '-5507294732037955360'}, {'name': 'Zhe Wu', 'id': '-1230938581275673433'}, {'name': 'Hongjian He', 'id': '7190094010809027200'}, {'name': 'Jianhui Zhong', 'id': '-6104013243738709587'}, {'name': 'Yang Yang', 'id': '6375159456349984190'}, {'name': 'Adam Kerr', 'id': '-2252509726184049208'}, {'name': 'Kalanit Grill-Spector', 'id': '6789481295683030852'}, {'name': 'Kawin Setsompop', 'id': 'P-1464-2014'})","High-resolution myelin-water fraction and quantitative relaxation mapping using 3D ViSTa-MR fingerprinting","MAGNETIC RESONANCE IN MEDICINE","English","Article","('brain', 'reconstruction', 'visualization', 'acquisition', 'myelin-water fraction', 'high resolution', 'contrast', 'sliding-window', 'quantitative mri', 'in-vivo')","Purpose: This study aims to develop a high-resolution whole-brain multi-parametric quantitative MRI approach for simultaneous mapping of myelin-water fraction (MWF), T-1, T-2, and proton-density (PD), all within a clinically feasible scan time.Methods: We developed 3D visualization of short transverse relaxation time component (ViSTa)-MRF, which combined ViSTa technique with MR fingerprinting (MRF), to achieve high-fidelity whole-brain MWF and T-1/T-2/PD mapping on a clinical 3T scanner. To achieve fast acquisition and memory-efficient reconstruction, the ViSTa-MRF sequence leverages an optimized 3D tiny-golden-angle-shuffling spiral-projection acquisition and joint spatial-temporal subspace reconstruction with optimized preconditioning algorithm. With the proposed ViSTa-MRF approach, high-fidelity direct MWF mapping was achieved without a need for multicompartment fitting that could introduce bias and/or noise from additional assumptions or priors.Results: The in vivo results demonstrate the effectiveness of the proposed acquisition and reconstruction framework to provide fast multi-parametric mapping with high SNR and good quality. The in vivo results of 1 mm- and 0.66 mm-isotropic resolution datasets indicate that the MWF values measured by the proposed method are consistent with standard ViSTa results that are 30x slower with lower SNR. Furthermore, we applied the proposed method to enable 5-min whole-brain 1 mm-iso assessment of MWF and T-1/T-2/PD mappings for infant brain development and for post-mortem brain samples.Conclusions: In this work, we have developed a 3D ViSTa-MRF technique that enables the acquisition of whole-brain MWF, quantitative T-1, T-2, and PD maps at 1 and 0.66 mm isotropic resolution in 5 and 15 min, respectively. This advancement allows for quantitative investigations of myelination changes in the brain.","[Cao, Xiaozhi] Room 301, Packard Elect Engn Bldg, 350 Jane Stanfo, Stanford, CA 94305 USA; [Liao, Congyu; Cao, Xiaozhi; Iyer, Siddharth Srinivasan; Schauman, Sophie; Zhou, Zihan; Chen, Quan; Li, Zhitao; Wang, Nan; Setsompop, Kawin] Stanford Univ, Dept Radiol, Stanford, CA USA; [Liao, Congyu; Cao, Xiaozhi; Schauman, Sophie; Chen, Quan; Wang, Nan; Kerr, Adam; Setsompop, Kawin] Stanford Univ, Dept Elect Engn, Stanford, CA USA; [Iyer, Siddharth Srinivasan] Massachusetts Institute of Technology, Dept Elect Engn & Comp Sci, Cambridge, MA USA; [Zhou, Zihan; He, Hongjian; Zhong, Jianhui] Zhejiang Univ, Coll Biomed Engn & Instrument Sci, Ctr Brain Imaging Sci & Technol, Hangzhou, Peoples R China; [Yan, Xiaoqian; Grill-Spector, Kalanit] Stanford Univ, Dept Psychol, Stanford, CA USA; [Yan, Xiaoqian] Fudan Univ, Inst Sci & Technol Brain Inspired Intelligence, Shanghai, Peoples R China; [Gong, Ting] Massachusetts General Hospital, Athinoula A Martinos Ctr Biomed Imaging, Boston, MA USA; [Gong, Ting] Harvard University, Boston, MA USA; [Wu, Zhe] University of Toronto, Techna Inst, Toronto, ON, Canada; [He, Hongjian] Zhejiang Univ, Sch Phys, Hangzhou, Peoples R China; [Zhong, Jianhui] Univ Rochester, Dept Imaging Sci, Rochester, NY USA; [Yang, Yang] Univ Calif San Francisco, Dept Radiol & Biomed Imaging, San Francisco, CA USA; [Kerr, Adam] Stanford Univ, Stanford Ctr Cognit & Neurobiol Imaging, Stanford, CA USA","({'id': '7312677341442011580', 'affiliation': 'University Of Toronto', 'country': 'Canada'}, {'id': '1510717896538605029', 'affiliation': 'Fudan University', 'country': 'China'}, {'id': '4605133772252394965', 'affiliation': 'Zhejiang University', 'country': 'China'}, {'id': '1932048732510957406', 'affiliation': 'Massachusetts Institute Of Technology (Mit)', 'country': 'USA'}, {'id': '-221131065265400433', 'affiliation': 'Stanford University', 'country': 'USA'}, {'id': '-8779818207266615846', 'affiliation': 'University Of Rochester', 'country': 'USA'}, {'id': '7868429073352704224', 'affiliation': 'University Of California San Francisco', 'country': 'USA'}, {'id': '7250566437762875032', 'affiliation': 'Harvard University', 'country': 'USA'}, {'id': '1536265377229881883', 'affiliation': 'Massachusetts General Hospital', 'country': 'USA'}, {'id': '-694141247757211595', 'affiliation': 'Room 301', 'country': 'USA'})","76","0","WILEY","0740-3194;1522-2594","2024-06-01","2024","10.1002/mrm.29990","('radiology', 'nuclear medicine & medical imaging')","WOS:001134125600001","2024-6"
"C","({'name': 'Zehua Li', 'id': 'KHU-2193-2024'}, {'name': 'Neel Guha', 'id': '757147495144927007'}, {'name': 'Julian Nyarko', 'id': '-5771662684562276194'})","Don't Use a Cannon to Kill a Fly: An Efficient Cascading Pipeline for Long Documents","19th International Conference on Artificial Intelligence and Law (ICAIL)","English","Proceedings Paper","('legal nlp', 'cascading classifiers', 'large language model')","The computational cost of transformer-based models has a quadratic dependence on the length of the input sequence. This makes it challenging to deploy these models in domains in which long documents are especially lengthy, such as the legal domain. To address this issue, we propose a three-stage cascading approach for long document classification. We begin by filtering out likely irrelevant information with a lightweight logistic regression model before passing the more challenging inputs to the transformer-based model. We evaluate our approach using CUAD, a legal dataset with 510 manually-annotated, long contracts. We find that the cascading approach reduces training time by up to 80% while improving baseline performance. We hypothesize that the gains in performance stem from localizing the classification task of the transformer model to particularly difficult examples.","[Li, Zehua; Guha, Neel; Nyarko, Julian] Stanford Univ, Stanford, CA 94305 USA","({'id': '-221131065265400433', 'affiliation': 'Stanford University', 'country': 'USA'},)","44","1","ASSOC COMPUTING MACHINERY","","2023-01-01","2023","10.1145/3594536.3595142","('law', 'computer science', 'artificial intelligence', 'government & law', 'interdisciplinary applications')","WOS:001139079400015","2023-1"
"C","({'name': 'Shih-Hung Cheng', 'id': '3610819575283513923'},)","The Impact of Generative Artificial Intelligence on Design Concept Ideation: Case Study on Lightweight Two-Wheeled Vehicles","25th International Conference on Human-Computer Interaction (HCI International)","English","Proceedings Paper","('ai-generated content', 'transportation design', 'expert evaluation', 'design ideation')","This study explores the impact of Midjourney, a text-to-image generative artificial intelligence (AI) tool, on lightweight two-wheeled vehicle design practices. The focus is on design creativity and practical feasibility. Six sets of prompts were used with Midjourney to generate lightweight two-wheeled vehicle concept ideas. To maintain conceptual ambiguity and flexibility during the early stages of design development, specific and conventional sub-categories of transportation vehicles were gradually obscured, while prompts describing the new design framework and component attributes were introduced progressively. Expert evaluations were conducted by ten bicycle or motorcycle design practitioners, who assessed creativity and practical feasibility using Likert scales and qualitative assessments. ANOVA analysis revealed significant differences in prompt implementation and creativity among the three concept ideas. Qualitative evaluations highlighted several challenges, including difficulties in assessing creativity when framework errors occur, excessive divergence in AI-generated content without the guidance of a clear conventional frame, the challenge for designers to keep pace with the fast and high-quality development efficiency of the AI tool, and AI's limitations in judging feasibility and safety related to human factors. The study suggests the need for improved precision in prompt wording and enhancing the AI's understanding of transportation design terminology. Generative AI still faces challenges in effectively supporting innovative design practices, particularly in addressing new framework details, component conflicts, and understanding professional terminology. Therefore, expert judgment and refinement remain crucial in the overall development phase. Furthermore, uncertainties persist concerning potential patent issues.","[Cheng, Shih-Hung] Natl Taiwan Univ Sci & Technol, Taipei 106335, Taiwan","({'id': '4217844732685849096', 'affiliation': 'National Taiwan University Of Science & Technology', 'country': 'Taiwan'},)","36","0","SPRINGER INTERNATIONAL PUBLISHING AG","0302-9743;1611-3349","2023-01-01","2023","10.1007/978-3-031-48057-7_3","('theory & methods', 'computer science', 'artificial intelligence')","WOS:001159622900003","2023-1"
"C","({'name': 'Krishanu Maity', 'id': '0000-0002-9542-9250'}, {'name': 'Amit Chaulwar', 'id': '-3803329569404878044'}, {'name': 'Vanraj Vala', 'id': '-243206837322926806'}, {'name': 'Ravi Sankar Guntur', 'id': '3025631547841393337'})","NanoBERT: An Extremely Compact Language Model","7th ACM India Joint International Conference on Data Science and Management of Data (CODS-COMAD) / 11th ACM IKDD CODS Conference / 29th COMAD Conference","English","Proceedings Paper","('llm', 'on-device ai', 'transformers', 'lora')","Language model pre-training, such as in BERT model, has led to significant improvements in natural language processing tasks. Although many approaches such as quantization, knowledge distillation, etc. have been proposed to compress language models, they are still not suitable for deployment on resource-constrained edge devices like mobiles. In this work, we propose to replace the token embedding matrix, an expensive layer in Transformer model, with trainable rank decomposition matrices. Building upon this approach, we introduce NanoBERT, a lightweight BERT model that is nearly 17x smaller than BERT-Tiny (the smallest open source pre-trained BERT model), yet attains comparable performance on various NLP tasks such as text classification, named entity recognition, etc. We extend this model by combining it with parameter efficient fine-tuning technique, named LoRA, for further compression in multi-task scenarios.","[Maity, Krishanu; Chaulwar, Amit; Vala, Vanraj; Guntur, Ravi Sankar] Samsung R & D Bangalore, Bangalore, Karnataka, India","({'id': '-7263666742641425157', 'affiliation': 'Samsung R & D Bangalore', 'country': 'India'},)","36","0","ASSOC COMPUTING MACHINERY","","2024-01-01","2024","10.1145/3632410.3632451","('information systems', 'computer science', 'artificial intelligence', 'theory & methods')","WOS:001160848200043","2024-1"
"J","({'name': 'Cong Yang', 'id': '1928207664017384420'}, {'name': 'Zuchao Li', 'id': '772870972185799197'}, {'name': 'Lefei Zhang', 'id': '4003159822957067186'})","Bootstrapping Interactive Image-Text Alignment for Remote Sensing Image Captioning","IEEE TRANSACTIONS ON GEOSCIENCE AND REMOTE SENSING","English","Article","('network', 'visualization', 'vision-language pre-training (vlp)', 'task analysis', 'discrete fourier transforms', 'transformers', 'multimodal information alignment', 'remote sensing image captioning (rsic)', 'semantics', 'fourier transformer', 'remote sensing', 'feature extraction')","Recently, remote sensing image captioning (RSIC) has gained significant attention in the remote sensing community. Due to the significant differences in spatial resolution of remote sensing images, existing methods in this field have predominantly concentrated on the fine-grained extraction of remote sensing image features, but they cannot effectively handle the semantic consistency between visual features and textual features. To efficiently align the image-text, we propose a novel two-stage vision-language pre-training (VLP)-based approach to bootstrap interactive image-text alignment for RSIC, called BITA, which relies on the design of a lightweight interactive Fourier transformer (IFT) to better align remote sensing image-text features. The Fourier layer in the IFT is capable of extracting multiscale features of remote sensing images in the frequency domain, thereby reducing the redundancy of remote sensing visual features. Specifically, the first stage involves preliminary alignment through image-text contrastive learning (ITC), which aligns the learned multiscale remote sensing features from the IFT with textual features. In the second stage, the IFT connects the frozen image encoder with a large language model (LLM). Then, prefix causal language modeling (PCLM) is utilized to guide the text generation process using visual features. Ultimately, across the UCM-caption, RSICD, and NWPU-caption datasets, the experimental results clearly demonstrate that BITA outperforms other advanced comparative approaches.","[Yang, Cong; Li, Zuchao; Zhang, Lefei] Wuhan Univ, Natl Engn Res Ctr Multimedia Software, Sch Comp Sci, Wuhan 430072, Peoples R China; [Yang, Cong; Li, Zuchao; Zhang, Lefei] Hubei Luojia Lab, Wuhan 430079, Peoples R China","({'id': '6072807733189830920', 'affiliation': 'Wuhan University', 'country': 'China'}, {'id': '5632473383925402132', 'affiliation': 'Hubei Luojia Lab', 'country': 'China'})","59","2","IEEE-INST ELECTRICAL ELECTRONICS ENGINEERS INC","0196-2892;1558-0644","2024-01-01","2024","10.1109/TGRS.2024.3359316","('engineering', 'imaging science & photographic technology', 'electrical & electronic engineering', 'geochemistry & geophysics', 'remote sensing')","WOS:001173250800007","2024-1"
"J","({'name': 'Chaoyi Wu', 'id': '5170364095470523377'}, {'name': 'Weixiong Lin', 'id': '-5735426417877735771'}, {'name': 'Xiaoman Zhang', 'id': '-7918234588484737615'}, {'name': 'Ya Zhang', 'id': '-1145702932777798841'}, {'name': 'Weidi Xie', 'id': '-7946645178544532931'}, {'name': 'Yanfeng Wang', 'id': '845688418411238038'})","PMC-LLaMA: toward building open-source language models for medicine","JOURNAL OF THE AMERICAN MEDICAL INFORMATICS ASSOCIATION","English","Article; Early Access","('chatgpt', 'generative language models', 'large language models', 'biomedical nlp')","Objective Recently, large language models (LLMs) have showcased remarkable capabilities in natural language understanding. While demonstrating proficiency in everyday conversations and question-answering (QA) situations, these models frequently struggle in domains that require precision, such as medical applications, due to their lack of domain-specific knowledge. In this article, we describe the procedure for building a powerful, open-source language model specifically designed for medicine applications, termed as PMC-LLaMA.Materials and methods We adapt a general-purpose LLM toward the medical domain, involving data-centric knowledge injection through the integration of 4.8M biomedical academic papers and 30K medical textbooks, as well as comprehensive domain-specific instruction fine-tuning, encompassing medical QA, rationale for reasoning, and conversational dialogues with 202M tokens.Results While evaluating various public medical QA benchmarks and manual rating, our lightweight PMC-LLaMA, which consists of only 13B parameters, exhibits superior performance, even surpassing ChatGPT. All models, codes, and datasets for instruction tuning will be released to the research community.Discussion Our contributions are 3-fold: (1) we build up an open-source LLM toward the medical domain. We believe the proposed PMC-LLaMA model can promote further development of foundation models in medicine, serving as a medical trainable basic generative language backbone; (2) we conduct thorough ablation studies to demonstrate the effectiveness of each proposed component, demonstrating how different training data and model scales affect medical LLMs; (3) we contribute a large-scale, comprehensive dataset for instruction tuning.Conclusion In this article, we systematically investigate the process of building up an open-source medical-specific LLM, PMC-LLaMA.","[Wu, Chaoyi; Lin, Weixiong; Zhang, Xiaoman; Zhang, Ya; Xie, Weidi; Wang, Yanfeng] Shanghai Jiao Tong Univ, Cooperat Medianet Innovat Ctr CM, Shanghai 200240, Peoples R China; [Wu, Chaoyi; Lin, Weixiong; Zhang, Xiaoman; Zhang, Ya; Xie, Weidi; Wang, Yanfeng] Shanghai AI Lab, Shanghai 200232, Peoples R China","({'id': '-5232048097373587086', 'affiliation': 'Shanghai Artificial Intelligence Laboratory', 'country': 'China'}, {'id': '-3935609405894268258', 'affiliation': 'Shanghai Jiao Tong University', 'country': 'China'})","49","2","OXFORD UNIV PRESS","1067-5027;1527-974X","2024-04-13","2024","10.1093/jamia/ocae045","('medical informatics', 'information science & library science', 'health care sciences & services', 'information systems', 'computer science', 'interdisciplinary applications')","WOS:001201440500001","2024-4"
"J","({'name': 'Riccardo Cantini', 'id': '4991016825075030872'}, {'name': 'Alessio Orsino', 'id': '1084267450970425601'}, {'name': 'Domenico Talia', 'id': '-2986884288078335435'})","Xai-driven knowledge distillation of large language models for efficient deployment on low-resource devices","JOURNAL OF BIG DATA","English","Article","('low-resource devices', 'knowledge distillation', 'edge ai', 'large language models', 'sustainable ai', 'explainable artificial intelligence')","Large Language Models (LLMs) are characterized by their inherent memory inefficiency and compute-intensive nature, making them impractical to run on low-resource devices and hindering their applicability in edge AI contexts. To address this issue, Knowledge Distillation approaches have been adopted to transfer knowledge from a complex model, referred to as the teacher, to a more compact, computationally efficient one, known as the student. The aim is to retain the performance of the original model while substantially reducing computational requirements. However, traditional knowledge distillation methods may struggle to effectively transfer crucial explainable knowledge from an LLM teacher to the student, potentially leading to explanation inconsistencies and decreased performance. This paper presents DiXtill, a method based on a novel approach to distilling knowledge from LLMs into lightweight neural architectures. The main idea is to leverage local explanations provided by an eXplainable Artificial Intelligence (XAI) method to guide the cross-architecture distillation of a teacher LLM into a self-explainable student, specifically a bi-directional LSTM network.Experimental results show that our XAI-driven distillation method allows the teacher explanations to be effectively transferred to the student, resulting in better agreement compared to classical distillation methods,thus enhancing the student interpretability. Furthermore, it enables the student to achieve comparable performance to the teacher LLM while also delivering a significantly higher compression ratio and speedup compared to other techniques such as post-training quantization and pruning, which paves the way for more efficient and sustainable edge AI applications","[Cantini, Riccardo; Orsino, Alessio; Talia, Domenico] Univ Calabria, Arcavacata Di Rende, Italy","({'id': '-3388401414440165261', 'affiliation': 'University Of Calabria', 'country': 'Italy'},)","41","0","SPRINGERNATURE","2196-1115","2024-05-04","2024","10.1186/s40537-024-00928-3","('theory & methods', 'computer science')","WOS:001214165900002","2024-5"
"J","({'name': 'Yinghan Zhou', 'id': '811005189522439404'}, {'name': 'Juan Wen', 'id': '0000-0002-4199-2988'}, {'name': 'Jianghao Jia', 'id': '4265258688963563433'}, {'name': 'Liting Gao', 'id': '6862610431842792787'}, {'name': 'Ziwei Zhang', 'id': '8019129509285349717'})","C-Net: A Compression-Based Lightweight Network for Machine-Generated Text Detection","IEEE SIGNAL PROCESSING LETTERS","English","Article","('machine generated text detection', 'text classification', 'compression')","In recent years, large language models (LLM) have progressed rapidly, leading to growing concerns about the proliferation of difficult-to-distinguish AI-generated content. This has given rise to a range of issues, including fake news, academic fraud, phishing emails, posing significant dangers across various domains. However, current machine-generated text (MGT) detection methods still face challenges, including the need to access model's output logits or losses, which makes it unable to adapt to black-box scenarios in the real world, and difficult to deploy models with large parameter sizes. Therefore, we propose a compression-based lightweight network for MGT detection that leverages the ability of lossless compression to effectively extract features between categories. With fewer parameters, our framework achieves state-of-the-art performance in MGT detection under black box conditions. Experiments demonstrate that our approach performs exceptionally well on both Chinese and English datasets. Specifically, our method achieves a full-text detection accuracy of 99.5%, surpassing the previous SOTA method.","[Zhou, Yinghan; Wen, Juan; Jia, Jianghao; Gao, Liting; Zhang, Ziwei] China Agr Univ, Coll Informat & Elect Engn, Beijing 100083, Peoples R China","({'id': '-3736226594895697177', 'affiliation': 'China Agricultural University', 'country': 'China'},)","36","0","IEEE-INST ELECTRICAL ELECTRONICS ENGINEERS INC","1070-9908;1558-2361","2024-01-01","2024","10.1109/LSP.2024.3394264","('electrical & electronic engineering', 'engineering')","WOS:001216311200003","2024-1"
"J","({'name': 'Brij B. Gupta', 'id': '-8498329096054352511'}, {'name': 'Akshat Gaurav', 'id': '-9205984966803367344'}, {'name': 'Varsha Arya', 'id': '9196057027070494378'}, {'name': 'Wadee Alhalabi', 'id': '-1130237501391082167'}, {'name': 'Dheyaaldin Alsalman', 'id': '-5182838619581794542'}, {'name': 'P. Vijayakumar', 'id': '4049598750141326222'})","Enhancing user prompt confidentiality in Large Language Models through advanced differential encryption","COMPUTERS & ELECTRICAL ENGINEERING","English","Article","('authentication protocol', 'secure ai framework', 'personal data protection', 'design', 'cryptographic privacy', 'data anonymization', 'large language models')","In the era of artificial intelligence (AI) advancements heralded by Large Language Models (LLMs) like GPT-3, the capacity to parse and generate human -like text brings to light substantial privacy concerns. These arise notably from LLMs' reliance on vast datasets often laden with personal information, underscoring the potential for inadvertent memorization and disclosure of sensitive data. Addressing these pivotal privacy concerns, our research introduces a novel two -fold approach aimed at bolstering the confidentiality and security of user data in LLM applications. Firstly, we deploy advanced cryptographic techniques, incorporating bespoke encryption and hashing protocols, to preprocess user data. This strategy effectively anonymizes personal identifiers prior to their processing by LLMs, directly tackling the challenges of sensitive information exposure. Concurrently, our methodology encompasses a secure mutual authentication protocol utilizing lightweight cryptographic measures. This ensures that system interactions are strictly reserved for authenticated users, thereby enhancing overall data security. Collectively, our approach not only preserves the utility of data for AI tasks but also fortifies the privacy framework surrounding LLMs, significantly reducing the likelihood of privacy breaches and steering AI development towards a more secure and ethically grounded future.","[Gupta, Brij B.] Asia Univ, Int Ctr AI & Cyber Secur Res & Innovat CCRI, Taichung, Taiwan; [Gupta, Brij B.] Asia Univ, Dept Comp Sci & Informat Engn, Taichung, Taiwan; [Gupta, Brij B.] Kyung Hee Univ, 26 Kyungheedae Ro, Seoul, South Korea; [Gupta, Brij B.] Symbiosis Int Univ, Symbiosis Ctr Informat Technol SCIT, Pune, India; [Gupta, Brij B.] Univ Petr & Energy Studies UPES, Ctr Interdisciplinary Res, Dehra Dun, India; [Gaurav, Akshat] Ronin Inst, Montclair, NJ USA; [Arya, Varsha] Asia Univ, Dept Business Adm, Taichung, Taiwan; [Arya, Varsha] Lebanese Amer Univ, Dept Elect & Comp Engn, Beirut 1102, Lebanon; [Alhalabi, Wadee] King Abdulaziz Univ, Dept Comp Sci, Immers Virtual Real Res Grp, Jeddah, Saudi Arabia; [Alsalman, Dheyaaldin] Dar Al Hekma Univ, Sch Engn Comp & Informat, Jeddah, Saudi Arabia; [Vijayakumar, P.] Univ Coll Engn Tindivanam, Dept Comp Sci & Engn, Tindivanam 604001, Tamil Nadu, India","({'id': '-7686667451985913977', 'affiliation': 'University Of Petroleum & Energy Studies (Upes)', 'country': 'India'}, {'id': '3516267031115854501', 'affiliation': 'Dar Al Hekma University', 'country': 'Saudi Arabia'}, {'id': '4527970765769224187', 'affiliation': 'Symbiosis International University', 'country': 'India'}, {'id': '4851631967519761494', 'affiliation': 'Lebanese American University', 'country': 'Lebanon'}, {'id': '-3261419447107869652', 'affiliation': 'Asia University Taiwan', 'country': 'Taiwan'}, {'id': '8491626345152156016', 'affiliation': 'Kyung Hee University', 'country': 'South Korea'}, {'id': '7770930139697299451', 'affiliation': 'King Abdulaziz University', 'country': 'Saudi Arabia'}, {'id': '3062319981172853837', 'affiliation': 'Univ Coll Engn Tindivanam', 'country': 'India'}, {'id': '4979606163366783888', 'affiliation': 'Ronin Inst', 'country': 'USA'})","45","0","PERGAMON-ELSEVIER SCIENCE LTD","0045-7906;1879-0755","2024-05-01","2024","10.1016/j.compeleceng.2024.109215","('engineering', 'electrical & electronic engineering', 'computer science', 'hardware & architecture', 'interdisciplinary applications')","WOS:001224093700001","2024-5"
